snapshot_id,UpdatedBeginDate,UpdatedEndDate,valence,status,recency,significance_label,LifeEventFamily,Anticipation,Intimacy,Scope,age,gender,shipley_vocab,shipley_abs,openness,conscientiousness,extraversion,agreeableness,neuroticism,pos_affect,neg_affect,stai_trait,psqi,education_level,stress
12516215411311181588,2018-07-07,2018-07-28,1,Ended,756,4,Personal,Anticipated,2,2,36.0,Male,26.0,16.0,2.75,3.75,2.083333333,3.166666667,2.416666667,31.0,20.0,48.0,7.0,Graduate Degree,2.182
12672283172047217763,2018-08-07,2019-04-10,1,Ended,500,1,Work,Unanticipated,2,3,30.0,Female,36.0,18.0,3.166666667,3.166666667,3.0,3.416666667,3.333333333,23.0,22.0,57.0,8.0,Graduate Degree,3.0
12672283172047217763,2018-08-01,2018-08-31,1,Ended,722,1,Work,Unanticipated,3,3,30.0,Female,36.0,18.0,3.166666667,3.166666667,3.0,3.416666667,3.333333333,23.0,22.0,57.0,8.0,Graduate Degree,2.889
12945770362079735188,2018-07-20,2019-04-10,1,Ended,500,0,Work,Unanticipated,2,3,37.0,Female,35.0,15.0,2.833333333,3.333333333,2.083333333,4.833333333,3.083333333,34.0,21.0,49.0,10.0,College Degree,2.818
12957024092216715934,2018-03-01,2019-03-01,1,Ended,540,0,Work,Anticipated,2,3,23.0,Male,34.0,20.0,2.5,2.75,1.916666667,3.416666667,2.333333333,29.0,17.0,45.0,3.0,College Degree,1.2
11361053415514373258,2018-03-16,2018-04-02,-1,Ended,873,6,Personal,Anticipated,2,2,36.0,Male,34.0,16.0,4.833333333,3.75,4.75,3.416666667,2.333333333,35.0,16.0,41.0,8.0,College Degree,3.0
11531184972130402134,2018-04-10,2019-04-10,1,Ended,500,5,Personal,Anticipated,1,2,23.0,Male,37.0,22.0,3.666666667,4.916666667,3.833333333,4.416666667,1.916666667,35.0,13.0,27.0,4.0,College Degree,1.333
13356023362259446754,2018-06-15,2019-02-25,1,Ended,544,5,Personal,Unanticipated,2,2,25.0,Female,31.0,19.0,3.833333333,4.166666667,4.25,3.916666667,2.166666667,38.0,14.0,35.0,5.0,Graduate Degree,2.333
13637401405284044305,2018-06-12,2018-06-30,1,Ended,784,6,Personal,Anticipated,2,2,44.0,Female,34.0,17.0,4.0,4.833333333,3.083333333,4.25,2.333333333,38.0,17.0,34.0,7.0,Graduate Degree,2.333
12131199544704830706,2018-05-12,2018-05-28,1,Ended,817,4,Personal,Anticipated,2,2,27.0,Female,37.0,21.0,2.5,3.916666667,3.083333333,2.25,3.083333333,38.0,28.0,34.0,4.0,College Degree,2.8
12131199544704830706,2018-06-08,2018-06-18,1,Ended,796,4,Personal,Anticipated,2,2,27.0,Female,37.0,21.0,2.5,3.916666667,3.083333333,2.25,3.083333333,38.0,28.0,34.0,4.0,College Degree,2.75
12131199544704830706,2018-06-11,2018-06-11,-1,Ended,803,5,Work,Unanticipated,3,3,27.0,Female,37.0,21.0,2.5,3.916666667,3.083333333,2.25,3.083333333,38.0,28.0,34.0,4.0,College Degree,2.545
10124751438547209292,2018-06-14,2018-06-18,1,Ended,796,6,Personal,Anticipated,2,2,31.0,Female,33.0,15.0,3.583333333,4.083333333,3.333333333,3.583333333,2.416666667,39.0,16.0,37.0,5.0,College Degree,2.25
12875744005516696917,2018-08-14,2018-08-21,1,Ended,732,6,Personal,Anticipated,2,2,63.0,Male,40.0,18.0,4.75,4.75,3.5,4.75,1.833333333,34.0,10.0,26.0,6.0,Graduate Degree,1.5
10218374518126117174,2018-07-15,2018-08-10,-1,Ended,743,5,Work,Anticipated,3,3,27.0,Male,36.0,23.0,3.5,3.75,4.333333333,3.333333333,1.166666667,36.0,16.0,25.0,7.0,Graduate Degree,1.308
11725804650858325510,2018-06-25,2019-04-10,1,Ended,500,1,Personal,Anticipated,2,2,43.0,Male,39.0,18.0,3.166666667,4.0,3.083333333,4.0,1.5,31.0,15.0,35.0,4.0,College Degree,2.0
12850824896021232015,2018-08-01,2019-04-10,1,Ended,500,4,Personal,Anticipated,2,2,28.0,Male,0.0,19.0,4.583333333,3.5,4.25,3.583333333,2.833333333,36.0,21.0,41.0,4.0,College Degree,2.545
10536007720954569181,2018-05-23,2019-04-10,1,Ended,500,0,Personal,Anticipated,2,2,36.0,Female,37.0,16.0,3.416666667,4.416666667,3.416666667,3.583333333,2.25,37.0,18.0,31.0,7.0,College Degree,2.5
12881005694692649824,2018-03-30,2018-04-05,1,Ended,870,2,Personal,Anticipated,2,2,31.0,Male,36.0,21.0,3.166666667,4.583333333,4.083333333,4.5,1.166666667,40.0,13.0,25.0,4.0,Graduate Degree,1.0
10793290982718182032,2018-03-11,2018-03-17,1,Ended,889,4,Personal,Anticipated,2,2,42.0,Female,37.0,19.0,3.5,4.083333333,4.416666667,3.833333333,1.75,39.0,14.0,23.0,6.0,Graduate Degree,2.0
13827658413594310863,2018-04-01,2019-04-10,1,Ended,500,5,Local,Anticipated,1,1,38.0,Male,34.0,16.0,4.916666667,3.166666667,4.166666667,3.916666667,1.333333333,33.0,12.0,32.0,4.0,College Degree,1.727
12756069062936818906,2018-07-01,2019-04-10,1,Ended,500,1,Work,Unanticipated,2,3,34.0,Male,24.0,16.0,3.5,3.75,3.583333333,4.416666667,2.333333333,36.0,21.0,37.0,5.0,Graduate Degree,1.0
10816233753882825481,2018-06-23,2018-06-23,1,Ended,791,0,Financial,Anticipated,2,2,39.0,Female,36.0,18.0,4.75,4.25,4.583333333,5.0,1.833333333,40.0,16.0,34.0,11.0,College Degree,2.8
13206448200882729449,2018-06-01,2018-06-30,1,Ended,784,4,Personal,Anticipated,2,2,33.0,Female,36.0,20.0,3.75,4.5,2.583333333,4.416666667,2.5,34.0,14.0,32.0,7.0,Graduate Degree,1.6
10752970040580693324,2018-04-15,2018-05-01,-1,Ended,844,2,Personal,Unanticipated,3,3,27.0,Male,32.0,21.0,3.166666667,4.083333333,2.083333333,4.166666667,2.083333333,35.0,15.0,33.0,5.0,College Degree,1.0
10018488058394942611,2018-03-29,2018-03-31,1,Ended,875,4,Personal,Anticipated,2,2,27.0,Male,31.0,17.0,4.166666667,3.75,2.333333333,3.25,3.666666667,30.0,20.0,53.0,5.0,College Degree,2.583
13323061621464472048,2018-03-15,2019-04-10,-1,Ended,500,0,Health,Unanticipated,2,3,25.0,Male,35.0,17.0,4.5,2.583333333,2.833333333,3.583333333,3.666666667,29.0,21.0,50.0,5.0,Graduate Degree,2.083
13323061621464472048,2018-03-01,2018-03-30,-1,Ended,876,5,Personal,Unanticipated,3,3,25.0,Male,35.0,17.0,4.5,2.583333333,2.833333333,3.583333333,3.666666667,29.0,21.0,50.0,5.0,Graduate Degree,2.385
9930530513995404338,2018-06-30,2018-07-08,1,Ended,776,5,Personal,Anticipated,2,2,23.0,Female,26.0,20.0,3.416666667,4.583333333,4.583333333,3.166666667,2.75,32.0,15.0,33.0,4.0,College Degree,2.111
13145333240889291264,2018-05-21,2018-06-19,1,Ended,795,2,Personal,Anticipated,2,2,23.0,Male,29.0,18.0,3.75,4.25,3.916666667,4.25,2.166666667,42.0,19.0,30.0,5.0,College Degree,2.111
9305642065631027990,2018-02-28,2018-03-16,1,Ended,890,0,Personal,Anticipated,2,2,30.0,Male,35.0,17.0,3.75,3.5,3.5,2.833333333,1.833333333,35.0,15.0,30.0,6.0,Graduate Degree,1.5
9305642065631027990,2018-05-04,2018-05-04,1,Ended,841,2,Personal,Anticipated,2,2,30.0,Male,35.0,17.0,3.75,3.5,3.5,2.833333333,1.833333333,35.0,15.0,30.0,6.0,Graduate Degree,1.333
9305642065631027990,2018-04-03,2019-04-10,-1,Ended,500,2,Health,Anticipated,2,3,30.0,Male,35.0,17.0,3.75,3.5,3.5,2.833333333,1.833333333,35.0,15.0,30.0,6.0,Graduate Degree,1.917
11750352889969585637,2018-01-28,2018-02-03,1,Ended,931,4,Personal,Anticipated,2,2,43.0,Male,34.0,18.0,3.583333333,4.5,1.833333333,3.916666667,2.583333333,32.0,18.0,37.0,6.0,College Degree,1.778
11750352889969585637,2018-04-02,2018-04-06,1,Ended,869,4,Personal,Anticipated,2,2,43.0,Male,34.0,18.0,3.583333333,4.5,1.833333333,3.916666667,2.583333333,32.0,18.0,37.0,6.0,College Degree,1.0
13146988918954476898,2018-02-01,2019-04-10,-1,Ended,500,5,Health,Unanticipated,2,3,28.0,Female,31.0,16.0,3.75,4.583333333,4.083333333,4.583333333,2.833333333,32.0,11.0,37.0,6.0,College Degree,2.385
13146988918954476898,2018-02-01,2018-09-01,-1,Ended,721,0,Work,Anticipated,1,1,28.0,Female,31.0,16.0,3.75,4.583333333,4.083333333,4.583333333,2.833333333,32.0,11.0,37.0,6.0,College Degree,2.231
12176081305419747090,2018-04-18,2018-04-18,-1,Ended,857,5,Personal,Unanticipated,2,2,32.0,Male,38.0,20.0,4.25,3.75,3.166666667,4.416666667,2.666666667,28.0,16.0,43.0,7.0,College Degree,2.769
12176081305419747090,2018-05-05,2019-04-10,1,Ended,500,6,Financial,Anticipated,2,2,32.0,Male,38.0,20.0,4.25,3.75,3.166666667,4.416666667,2.666666667,28.0,16.0,43.0,7.0,College Degree,2.538
12289126884564506200,2018-07-26,2019-04-10,-1,Ended,500,0,Financial,Unanticipated,3,2,56.0,Female,35.0,11.0,4.0,4.5,3.083333333,4.583333333,2.25,42.0,19.0,26.0,9.0,College Degree,2.077
12289126884564506200,2018-05-30,2019-04-10,-1,Ongoing,500,0,Personal,Anticipated,1,2,56.0,Female,35.0,11.0,4.0,4.5,3.083333333,4.583333333,2.25,42.0,19.0,26.0,9.0,College Degree,1.455
12289126884564506200,2018-06-28,2018-06-28,1,Ended,786,1,Work,Unanticipated,3,3,56.0,Female,35.0,11.0,4.0,4.5,3.083333333,4.583333333,2.25,42.0,19.0,26.0,9.0,College Degree,1.333
12289126884564506200,2018-07-30,2019-04-10,1,Ongoing,500,0,Work,Unanticipated,2,3,56.0,Female,35.0,11.0,4.0,4.5,3.083333333,4.583333333,2.25,42.0,19.0,26.0,9.0,College Degree,1.833
13550812265239242992,2018-07-01,2018-07-05,1,Ended,779,2,Personal,Anticipated,2,2,46.0,Male,35.0,19.0,3.666666667,4.5,3.0,4.083333333,1.75,35.0,16.0,35.0,5.0,Graduate Degree,2.667
13550812265239242992,2018-05-01,2019-04-10,-1,Ongoing,500,5,Personal,Unanticipated,3,2,46.0,Male,35.0,19.0,3.666666667,4.5,3.0,4.083333333,1.75,35.0,16.0,35.0,5.0,Graduate Degree,2.571
12870395895502894727,2018-05-23,2018-06-08,1,Ended,806,4,Personal,Anticipated,2,2,32.0,Male,38.0,16.0,4.25,3.25,2.833333333,3.75,2.666666667,27.0,19.0,43.0,6.0,Doctoral Degree,2.286
12870395895502894727,2018-06-08,2019-04-10,1,Ended,500,4,Work,Unanticipated,2,3,32.0,Male,38.0,16.0,4.25,3.25,2.833333333,3.75,2.666666667,27.0,19.0,43.0,6.0,Doctoral Degree,2.0
11490896097141714538,2018-08-15,2019-04-10,1,Ended,500,1,Personal,Anticipated,2,2,28.0,Female,35.0,19.0,2.583333333,4.833333333,3.583333333,3.416666667,2.0,35.0,13.0,29.0,3.0,Graduate Degree,2.0
11490896097141714538,2018-08-15,2019-03-01,-1,Ended,540,1,Work,Anticipated,2,3,28.0,Female,35.0,19.0,2.583333333,4.833333333,3.583333333,3.416666667,2.0,35.0,13.0,29.0,3.0,Graduate Degree,2.0
12234776823901289891,2018-07-01,2018-07-14,1,Ended,770,5,Personal,Anticipated,2,2,54.0,Female,33.0,17.0,3.666666667,3.166666667,3.0,4.583333333,1.666666667,32.0,14.0,32.0,9.0,Doctoral Degree,3.143
9309225304092164165,2018-04-11,2019-04-10,1,Ended,500,4,Financial,Anticipated,2,2,27.0,Male,35.0,23.0,4.666666667,3.916666667,3.583333333,4.5,2.0,40.0,15.0,35.0,6.0,Graduate Degree,2.25
9814759411577815257,2018-03-17,2018-03-25,1,Ended,881,5,Personal,Anticipated,2,2,57.0,Female,32.0,12.0,2.75,3.666666667,2.166666667,4.333333333,2.916666667,28.0,21.0,49.0,8.0,Graduate Degree,3.154
12776201290225305117,2018-08-03,2018-08-03,1,Ended,750,0,Local,Anticipated,1,1,50.0,Male,36.0,17.0,3.333333333,4.25,2.916666667,3.083333333,2.416666667,37.0,13.0,38.0,6.0,College Degree,2.25
12776201290225305117,2018-07-24,2018-07-24,0,Ended,760,4,Personal,Anticipated,2,2,50.0,Male,36.0,17.0,3.333333333,4.25,2.916666667,3.083333333,2.416666667,37.0,13.0,38.0,6.0,College Degree,1.857
9712774784411310596,2018-04-21,2018-04-28,1,Ended,847,5,Personal,Anticipated,2,2,24.0,Male,35.0,15.0,4.25,3.75,3.0,4.0,2.083333333,,,,4.0,College Degree,2.154
9712774784411310596,2018-04-06,2018-06-30,1,Ended,784,5,Personal,Anticipated,2,2,24.0,Male,35.0,15.0,4.25,3.75,3.0,4.0,2.083333333,,,,4.0,College Degree,2.308
10190405727102355072,2018-04-03,2018-04-18,1,Ended,857,4,Personal,Anticipated,2,2,32.0,Female,35.0,19.0,3.0,3.25,3.0,3.916666667,3.083333333,30.0,18.0,52.0,9.0,Graduate Degree,2.909
13346780717560972831,2018-07-01,2019-04-10,1,Ended,500,5,Work,Unanticipated,2,3,39.0,Female,38.0,19.0,3.5,4.833333333,3.0,4.916666667,1.833333333,41.0,16.0,28.0,8.0,Graduate Degree,2.769
9251084965720942673,2018-09-10,2019-04-10,-1,Ended,500,0,Personal,Unanticipated,2,2,50.0,Female,36.0,19.0,5.0,3.333333333,3.083333333,3.916666667,3.166666667,29.0,19.0,40.0,5.0,Graduate Degree,2.818
9251084965720942673,2018-09-10,2019-04-10,-1,Ended,500,0,Health,Unanticipated,2,3,50.0,Female,36.0,19.0,5.0,3.333333333,3.083333333,3.916666667,3.166666667,29.0,19.0,40.0,5.0,Graduate Degree,2.818
9251084965720942673,2018-08-15,2019-04-10,-1,Ongoing,500,0,Work,Unanticipated,2,3,50.0,Female,36.0,19.0,5.0,3.333333333,3.083333333,3.916666667,3.166666667,29.0,19.0,40.0,5.0,Graduate Degree,2.833
9251084965720942673,2018-08-01,2019-02-15,-1,Ended,554,0,Work,Unanticipated,3,3,50.0,Female,36.0,19.0,5.0,3.333333333,3.083333333,3.916666667,3.166666667,29.0,19.0,40.0,5.0,Graduate Degree,2.583
10958499575344033308,2018-04-01,2019-04-10,0,Ended,500,4,Work,Unanticipated,3,3,37.0,Female,26.0,11.0,3.166666667,3.833333333,2.916666667,3.666666667,2.75,30.0,18.0,44.0,8.0,Graduate Degree,3.385
12611805032553625196,2018-08-20,2019-04-10,1,Ended,500,5,Work,Unanticipated,3,3,33.0,Female,35.0,20.0,4.0,4.416666667,3.166666667,3.333333333,3.416666667,36.0,12.0,48.0,6.0,Graduate Degree,1.875
12611805032553625196,2018-08-20,2019-04-10,1,Ended,500,5,Work,Unanticipated,3,3,33.0,Female,35.0,20.0,4.0,4.416666667,3.166666667,3.333333333,3.416666667,36.0,12.0,48.0,6.0,Graduate Degree,1.875
11329586216091316598,2018-08-20,2019-04-10,0,Ended,500,1,Personal,Anticipated,3,2,54.0,Female,34.0,15.0,4.583333333,4.75,4.416666667,4.833333333,1.333333333,40.0,12.0,23.0,4.0,College Degree,1.333
11283787223007258371,2018-05-02,2018-08-23,-1,Ended,730,1,Personal,Unanticipated,3,2,27.0,Female,33.0,16.0,4.25,4.25,4.25,4.166666667,2.5,40.0,17.0,31.0,8.0,Graduate Degree,2.0
12091678345507769045,2018-05-20,2018-05-20,-1,Ended,825,1,Work,Unanticipated,3,3,31.0,Male,30.0,20.0,3.833333333,4.0,3.333333333,3.416666667,2.583333333,39.0,19.0,46.0,7.0,Graduate Degree,1.909
11883799380520293429,2018-05-01,2019-04-10,-1,Ended,500,1,Work,Unanticipated,2,3,54.0,Male,37.0,11.0,3.166666667,3.166666667,3.666666667,4.0,3.083333333,35.0,22.0,37.0,9.0,College Degree,2.833
12219328703686349043,2018-07-20,2019-04-10,1,Ended,500,5,Financial,Anticipated,2,2,26.0,Female,37.0,20.0,3.833333333,3.25,2.166666667,4.333333333,2.583333333,23.0,12.0,45.0,4.0,College Degree,2.333
12219328703686349043,2018-06-06,2019-04-10,1,Ended,500,5,Personal,Anticipated,2,2,26.0,Female,37.0,20.0,3.833333333,3.25,2.166666667,4.333333333,2.583333333,23.0,12.0,45.0,4.0,College Degree,2.833
12219328703686349043,2018-07-20,2019-04-10,1,Ongoing,500,4,Financial,Anticipated,3,2,26.0,Female,37.0,20.0,3.833333333,3.25,2.166666667,4.333333333,2.583333333,23.0,12.0,45.0,4.0,College Degree,2.333
11178893862060923050,2018-07-03,2019-04-10,1,Ended,500,1,Personal,Anticipated,2,2,47.0,Male,37.0,21.0,3.25,2.916666667,3.416666667,4.75,2.75,35.0,23.0,44.0,10.0,Graduate Degree,2.222
11572316908792461326,2018-08-11,2019-04-10,1,Ended,500,1,Personal,Anticipated,2,2,34.0,Female,32.0,14.0,3.666666667,4.0,3.5,3.75,3.25,31.0,16.0,37.0,8.0,Graduate Degree,2.0
11572316908792461326,2018-08-11,2019-04-10,1,Ended,500,1,Health,Anticipated,2,3,34.0,Female,32.0,14.0,3.666666667,4.0,3.5,3.75,3.25,31.0,16.0,37.0,8.0,Graduate Degree,2.0
9951015782149876192,2018-08-01,2018-08-04,-1,Ended,749,1,Work,Unanticipated,3,3,25.0,Male,31.0,17.0,3.25,4.166666667,3.583333333,3.333333333,2.75,38.0,21.0,42.0,5.0,Graduate Degree,2.571
9951015782149876192,2018-08-04,2019-04-10,-1,Ended,500,1,Work,Unanticipated,3,3,25.0,Male,31.0,17.0,3.25,4.166666667,3.583333333,3.333333333,2.75,38.0,21.0,42.0,5.0,Graduate Degree,2.143
10561941628438591922,2018-07-15,2019-04-10,-1,Ongoing,500,0,Personal,Anticipated,2,2,38.0,Female,35.0,16.0,4.916666667,4.416666667,4.25,2.833333333,4.666666667,28.0,26.0,58.0,13.0,Graduate Degree,2.6
11629478840761160200,2018-06-03,2018-06-15,0,Ended,799,5,Work,Unanticipated,3,3,41.0,Female,30.0,16.0,3.0,4.833333333,2.583333333,4.916666667,2.0,34.0,12.0,32.0,11.0,College Degree,1.625
12935103128287399355,2018-08-29,2018-08-29,0,Ended,724,4,Work,Unanticipated,3,3,30.0,Female,36.0,16.0,3.333333333,3.833333333,2.25,4.75,2.833333333,32.0,30.0,54.0,9.0,Graduate Degree,2.2
9515607892178477808,2018-06-10,2019-04-10,1,Ended,500,0,Personal,Anticipated,2,2,25.0,Male,30.0,18.0,4.333333333,4.083333333,2.666666667,4.25,2.5,44.0,15.0,49.0,5.0,Graduate Degree,1.222
12874079465127791547,2018-06-02,2019-04-10,1,Ended,500,1,Personal,Anticipated,2,2,32.0,Female,36.0,16.0,3.833333333,4.0,3.916666667,4.333333333,2.416666667,37.0,16.0,39.0,6.0,Graduate Degree,2.667
12874079465127791547,2018-08-01,2019-04-10,1,Ongoing,500,5,Work,Unanticipated,3,3,32.0,Female,36.0,16.0,3.833333333,4.0,3.916666667,4.333333333,2.416666667,37.0,16.0,39.0,6.0,Graduate Degree,1.636
12234026427044566165,2018-03-30,2018-04-02,1,Ended,873,4,Personal,Anticipated,2,2,25.0,Male,33.0,20.0,3.833333333,2.916666667,1.666666667,3.666666667,3.666666667,20.0,35.0,52.0,6.0,College Degree,2.154
9285331624459801611,2018-04-12,2018-04-22,1,Ended,853,5,Personal,Anticipated,2,2,22.0,Male,31.0,18.0,3.333333333,4.916666667,4.0,3.833333333,1.0,43.0,11.0,23.0,5.0,College Degree,1.0
11245656127452788300,2018-05-01,2019-04-10,-1,Ongoing,500,0,Work,Unanticipated,2,3,35.0,Male,31.0,18.0,3.25,2.916666667,3.666666667,2.25,2.083333333,29.0,16.0,30.0,6.0,College Degree,1.0
11012853471523019788,2018-08-16,2019-04-10,1,Ended,500,1,Personal,Anticipated,2,2,31.0,Male,31.0,18.0,2.833333333,4.083333333,3.0,3.416666667,3.25,30.0,15.0,39.0,5.0,Graduate Degree,1.462
11012853471523019788,2018-08-16,2018-08-23,-1,Ended,730,0,Personal,Anticipated,2,2,31.0,Male,31.0,18.0,2.833333333,4.083333333,3.0,3.416666667,3.25,30.0,15.0,39.0,5.0,Graduate Degree,1.462
13181116832082595174,2018-08-21,2019-04-10,1,Ended,500,0,Personal,Anticipated,2,2,52.0,Female,34.0,16.0,4.0,3.5,3.083333333,4.5,1.666666667,33.0,16.0,28.0,8.0,Graduate Degree,1.714
13181116832082595174,2018-08-01,2019-04-10,1,Ended,500,0,Health,Unanticipated,2,2,52.0,Female,34.0,16.0,4.0,3.5,3.083333333,4.5,1.666666667,33.0,16.0,28.0,8.0,Graduate Degree,1.556
13181116832082595174,2018-08-01,2019-04-10,1,Ended,500,0,Personal,Anticipated,2,2,52.0,Female,34.0,16.0,4.0,3.5,3.083333333,4.5,1.666666667,33.0,16.0,28.0,8.0,Graduate Degree,1.5
12451673362964079094,2018-03-01,2018-07-05,-1,Ended,779,5,Health,Anticipated,2,3,42.0,Female,32.0,16.0,3.5,3.5,3.25,2.916666667,4.166666667,32.0,19.0,49.0,5.0,College Degree,1.846
12201010563123762054,2018-03-22,2019-04-10,1,Ended,500,4,Personal,Anticipated,2,2,31.0,Male,36.0,20.0,4.75,4.5,3.416666667,4.5,1.0,37.0,13.0,23.0,5.0,Graduate Degree,2.0
12978620280214771194,2018-04-06,2019-04-10,-1,Ended,500,1,Personal,Unanticipated,3,3,32.0,Male,32.0,17.0,3.583333333,4.25,3.583333333,3.083333333,2.75,27.0,20.0,45.0,10.0,College Degree,2.769
12978620280214771194,2018-04-06,2018-05-31,-1,Ended,814,5,Health,Unanticipated,2,3,32.0,Male,32.0,17.0,3.583333333,4.25,3.583333333,3.083333333,2.75,27.0,20.0,45.0,10.0,College Degree,2.769
12178574152370489437,2018-06-01,2019-04-10,1,Ended,500,1,Personal,Anticipated,2,2,30.0,Female,37.0,20.0,4.416666667,4.0,3.916666667,4.416666667,3.166666667,38.0,23.0,46.0,9.0,College Degree,2.333
12178574152370489437,2018-05-04,2018-05-04,1,Ended,841,2,Work,Unanticipated,2,3,30.0,Female,37.0,20.0,4.416666667,4.0,3.916666667,4.416666667,3.166666667,38.0,23.0,46.0,9.0,College Degree,3.0
12178574152370489437,2018-05-18,2018-05-18,-1,Ended,827,4,Personal,Unanticipated,3,3,30.0,Female,37.0,20.0,4.416666667,4.0,3.916666667,4.416666667,3.166666667,38.0,23.0,46.0,9.0,College Degree,2.25
12178574152370489437,2018-05-01,2018-05-20,-1,Ended,825,4,Health,Anticipated,2,3,30.0,Female,37.0,20.0,4.416666667,4.0,3.916666667,4.416666667,3.166666667,38.0,23.0,46.0,9.0,College Degree,3.636
12178574152370489437,2018-06-06,2019-04-10,1,Ended,500,5,School,Anticipated,1,2,30.0,Female,37.0,20.0,4.416666667,4.0,3.916666667,4.416666667,3.166666667,38.0,23.0,46.0,9.0,College Degree,2.455
12178574152370489437,2018-06-05,2018-06-05,1,Ended,809,4,Personal,Anticipated,1,2,30.0,Female,37.0,20.0,4.416666667,4.0,3.916666667,4.416666667,3.166666667,38.0,23.0,46.0,9.0,College Degree,2.455
12178574152370489437,2018-06-05,2018-08-26,1,Ended,727,5,Work,Unanticipated,1,2,30.0,Female,37.0,20.0,4.416666667,4.0,3.916666667,4.416666667,3.166666667,38.0,23.0,46.0,9.0,College Degree,2.364
12144059624259305924,2018-06-02,2018-06-03,1,Ended,811,4,Local,Anticipated,1,1,35.0,Female,28.0,5.0,4.333333333,3.416666667,2.916666667,4.5,2.833333333,40.0,20.0,41.0,13.0,College Degree,3.0
10384937564254416204,2018-08-01,2019-04-10,1,Ended,500,0,Personal,Anticipated,2,2,24.0,Female,34.0,16.0,3.666666667,4.583333333,3.833333333,3.5,2.916666667,42.0,24.0,40.0,4.0,Graduate Degree,3.545
10384937564254416204,2018-08-15,2019-04-10,1,Ended,500,0,Work,Unanticipated,2,3,24.0,Female,34.0,16.0,3.666666667,4.583333333,3.833333333,3.5,2.916666667,42.0,24.0,40.0,4.0,Graduate Degree,3.0
10384937564254416204,2018-08-15,2019-04-10,1,Ended,500,1,Personal,Unanticipated,3,2,24.0,Female,34.0,16.0,3.666666667,4.583333333,3.833333333,3.5,2.916666667,42.0,24.0,40.0,4.0,Graduate Degree,3.0
11398801702960541502,2018-06-20,2018-06-20,1,Ended,794,1,Work,Unanticipated,2,3,39.0,Male,28.0,14.0,3.5,4.833333333,2.583333333,3.666666667,1.916666667,30.0,14.0,30.0,6.0,Graduate Degree,1.182
10092922512599881567,2018-06-25,2019-04-10,1,Ended,500,5,Work,Unanticipated,2,3,33.0,Male,36.0,18.0,3.666666667,4.0,3.166666667,4.0,1.5,36.0,12.0,32.0,8.0,Graduate Degree,2.9
9999675168960522942,2018-05-16,2019-04-10,1,Ended,500,5,Work,Unanticipated,2,3,42.0,Female,38.0,17.0,4.416666667,4.333333333,2.416666667,3.833333333,3.0,29.0,15.0,40.0,8.0,Graduate Degree,2.231
12103546711473532685,2018-06-25,2019-04-10,1,Ended,500,4,Financial,Anticipated,2,2,30.0,Female,24.0,20.0,4.75,4.333333333,3.25,4.083333333,1.75,35.0,18.0,34.0,5.0,Graduate Degree,2.0
10984962087018963837,2018-07-15,2019-04-10,1,Ended,500,4,Personal,Unanticipated,2,2,45.0,Male,33.0,18.0,3.916666667,5.0,2.916666667,4.25,2.333333333,39.0,17.0,40.0,9.0,College Degree,3.273
10984962087018963837,2018-08-01,2019-04-10,-1,Ended,500,1,Personal,Anticipated,3,2,45.0,Male,33.0,18.0,3.916666667,5.0,2.916666667,4.25,2.333333333,39.0,17.0,40.0,9.0,College Degree,3.0
13244937878999119281,2018-08-01,2019-04-10,1,Ended,500,0,Personal,Anticipated,2,2,27.0,Male,35.0,14.0,2.416666667,4.833333333,3.5,4.75,1.083333333,40.0,11.0,25.0,5.0,Graduate Degree,1.5
12580369954554372561,2018-06-11,2018-08-03,0,Ended,750,6,Work,Unanticipated,3,3,25.0,Female,34.0,17.0,3.5,4.25,4.166666667,3.916666667,3.75,31.0,18.0,42.0,9.0,Graduate Degree,2.5
12580369954554372561,2018-06-17,2019-04-10,1,Ongoing,500,0,Financial,Anticipated,3,2,25.0,Female,34.0,17.0,3.5,4.25,4.166666667,3.916666667,3.75,31.0,18.0,42.0,9.0,Graduate Degree,2.875
10923945604697554625,2018-06-27,2018-07-02,0,Ended,782,4,Local,Anticipated,1,1,36.0,Female,34.0,18.0,4.583333333,5.0,3.25,4.5,2.166666667,44.0,13.0,34.0,8.0,Graduate Degree,2.0
12121311828734637660,2018-05-25,2019-04-10,1,Ended,500,0,Personal,Anticipated,2,2,41.0,Female,28.0,18.0,3.75,4.5,2.833333333,4.583333333,1.666666667,37.0,15.0,31.0,5.0,College Degree,2.909
12121311828734637660,2018-05-10,2018-05-29,-1,Ended,816,1,Local,Unanticipated,1,1,41.0,Female,28.0,18.0,3.75,4.5,2.833333333,4.583333333,1.666666667,37.0,15.0,31.0,5.0,College Degree,2.273
11192138298778119922,2018-04-03,2018-05-05,1,Ended,840,5,Personal,Anticipated,2,2,33.0,Male,33.0,20.0,3.75,4.666666667,3.416666667,3.5,1.916666667,43.0,13.0,26.0,4.0,College Degree,1.5
11192138298778119922,2018-02-26,2018-02-26,1,Ended,908,0,Work,Unanticipated,3,3,33.0,Male,33.0,20.0,3.75,4.666666667,3.416666667,3.5,1.916666667,43.0,13.0,26.0,4.0,College Degree,1.667
11192138298778119922,2018-03-05,2018-03-05,1,Ended,901,4,Work,Unanticipated,2,3,33.0,Male,33.0,20.0,3.75,4.666666667,3.416666667,3.5,1.916666667,43.0,13.0,26.0,4.0,College Degree,1.692
11192138298778119922,2018-03-31,2018-03-31,1,Ended,875,4,Personal,Anticipated,2,2,33.0,Male,33.0,20.0,3.75,4.666666667,3.416666667,3.5,1.916666667,43.0,13.0,26.0,4.0,College Degree,1.462
11192138298778119922,2018-04-30,2018-04-30,1,Ended,845,4,Personal,Anticipated,2,2,33.0,Male,33.0,20.0,3.75,4.666666667,3.416666667,3.5,1.916666667,43.0,13.0,26.0,4.0,College Degree,1.857
13538724873795897684,2018-07-23,2018-07-24,-1,Ended,760,4,Personal,Unanticipated,2,2,31.0,Female,37.0,20.0,4.5,2.916666667,4.083333333,3.416666667,2.916666667,35.0,19.0,42.0,7.0,Graduate Degree,1.833
13538724873795897684,2018-07-30,2019-04-10,-1,Ended,500,0,Personal,Unanticipated,3,2,31.0,Female,37.0,20.0,4.5,2.916666667,4.083333333,3.416666667,2.916666667,35.0,19.0,42.0,7.0,Graduate Degree,2.455
13538724873795897684,2018-08-01,2019-02-01,-1,Ended,568,5,Financial,Unanticipated,3,2,31.0,Female,37.0,20.0,4.5,2.916666667,4.083333333,3.416666667,2.916666667,35.0,19.0,42.0,7.0,Graduate Degree,2.556
9897582009808093798,2018-07-26,2018-09-24,1,Ended,698,1,Financial,Unanticipated,3,3,25.0,Female,34.0,20.0,4.416666667,4.25,3.916666667,3.5,3.5,36.0,19.0,43.0,7.0,College Degree,1.727
12762186933501161172,2018-05-30,2019-04-10,1,Ended,500,0,Personal,Anticipated,2,2,60.0,Male,37.0,13.0,3.583333333,3.416666667,3.166666667,4.166666667,1.75,32.0,18.0,45.0,6.0,Graduate Degree,2.615
12762186933501161172,2018-07-04,2019-04-10,-1,Ongoing,500,5,Health,Unanticipated,2,2,60.0,Male,37.0,13.0,3.583333333,3.416666667,3.166666667,4.166666667,1.75,32.0,18.0,45.0,6.0,Graduate Degree,2.25
13049290067401306327,2018-03-03,2019-04-10,0,Ended,500,0,Financial,Anticipated,2,2,36.0,Male,39.0,21.0,4.333333333,3.083333333,2.0,3.0,3.5,25.0,20.0,57.0,6.0,Graduate Degree,2.273
12028363404926976565,2018-06-01,2018-10-22,1,Ended,670,5,Local,Anticipated,1,1,24.0,Male,33.0,17.0,3.416666667,3.916666667,3.833333333,3.583333333,1.75,42.0,17.0,27.0,5.0,College Degree,2.308
11494838423297868366,2018-06-15,2018-12-31,1,Ended,600,1,Work,Unanticipated,2,3,28.0,Female,37.0,19.0,4.416666667,4.166666667,2.416666667,3.333333333,2.666666667,28.0,16.0,43.0,6.0,College Degree,2.9
9547248024793501451,2018-06-04,2018-06-14,1,Ended,800,4,Personal,Anticipated,2,2,32.0,Female,37.0,15.0,4.0,4.5,3.083333333,4.75,2.25,35.0,19.0,37.0,4.0,College Degree,1.75
12677361572409209396,2018-05-25,2019-04-10,1,Ongoing,500,0,Personal,Anticipated,2,2,28.0,Female,38.0,11.0,4.333333333,3.5,2.75,4.25,3.166666667,26.0,19.0,50.0,14.0,College Degree,2.25
12677361572409209396,2018-04-14,2018-04-20,-1,Ended,855,4,Health,Anticipated,2,3,28.0,Female,38.0,11.0,4.333333333,3.5,2.75,4.25,3.166666667,26.0,19.0,50.0,14.0,College Degree,3.333
12677361572409209396,2018-06-28,2018-07-05,-1,Ended,779,5,Health,Anticipated,2,3,28.0,Female,38.0,11.0,4.333333333,3.5,2.75,4.25,3.166666667,26.0,19.0,50.0,14.0,College Degree,1.75
9297296870223784228,2018-03-30,2019-04-10,-1,Ongoing,500,4,Financial,Unanticipated,3,2,41.0,Male,33.0,15.0,4.083333333,3.25,3.583333333,4.083333333,2.333333333,35.0,13.0,31.0,5.0,Graduate Degree,2.6
11573572853441409020,2018-04-02,2019-04-10,-1,Ended,500,0,Personal,Unanticipated,3,2,44.0,Female,28.0,13.0,3.833333333,2.833333333,3.5,3.333333333,3.25,31.0,14.0,41.0,5.0,College Degree,2.0
10751444191368504640,2018-05-19,2019-04-10,1,Ended,500,1,Personal,Anticipated,2,2,42.0,Female,26.0,15.0,3.5,3.583333333,4.166666667,4.833333333,2.333333333,39.0,12.0,39.0,7.0,College Degree,1.308
9845926295715386012,2018-04-21,2018-09-23,-1,Ended,699,0,Local,Anticipated,1,1,28.0,Female,34.0,18.0,3.333333333,3.833333333,3.083333333,3.75,3.583333333,37.0,13.0,41.0,9.0,College Degree,2.714
10480108697108326129,2018-03-04,2019-04-10,-1,Ongoing,500,0,Work,Anticipated,2,3,25.0,Male,32.0,20.0,4.0,3.833333333,3.0,4.0,2.083333333,40.0,20.0,31.0,8.0,Graduate Degree,2.091
12051108195006321687,2018-03-10,2018-03-17,1,Ended,889,5,Personal,Anticipated,2,2,44.0,Male,36.0,19.0,4.083333333,4.5,4.083333333,3.166666667,2.083333333,40.0,18.0,32.0,3.0,Graduate Degree,1.846
12051108195006321687,2018-04-10,2018-06-30,-1,Ended,784,0,Health,Unanticipated,2,3,44.0,Male,36.0,19.0,4.083333333,4.5,4.083333333,3.166666667,2.083333333,40.0,18.0,32.0,3.0,Graduate Degree,2.0
12051108195006321687,2018-05-02,2018-05-02,0,Ended,843,2,Local,Unanticipated,1,1,44.0,Male,36.0,19.0,4.083333333,4.5,4.083333333,3.166666667,2.083333333,40.0,18.0,32.0,3.0,Graduate Degree,1.5
11856186090183174550,2018-04-01,2019-04-10,-1,Ended,500,0,Personal,Unanticipated,3,3,37.0,Male,31.0,15.0,4.583333333,4.083333333,3.083333333,4.5,1.916666667,37.0,12.0,28.0,7.0,Graduate Degree,1.1
12921805085457257188,2018-04-01,2018-04-04,1,Ended,871,4,Work,Unanticipated,2,3,42.0,Female,34.0,16.0,4.083333333,3.916666667,3.666666667,3.916666667,2.0,39.0,16.0,33.0,8.0,Graduate Degree,2.818
9290546826834334269,2018-04-01,2019-04-10,-1,Ended,500,0,Personal,Unanticipated,3,2,26.0,Female,29.0,14.0,4.25,4.0,3.333333333,4.25,3.5,35.0,26.0,48.0,6.0,College Degree,2.833
12969398632737992557,2018-08-24,2019-04-10,-1,Ended,500,1,Work,Unanticipated,3,3,42.0,Male,30.0,12.0,4.833333333,4.083333333,4.25,3.75,2.5,44.0,24.0,33.0,8.0,Graduate Degree,1.615
9582265452549187308,2018-05-01,2019-04-10,-1,Ended,500,0,Health,Unanticipated,2,2,40.0,Male,31.0,16.0,4.25,4.333333333,3.75,3.583333333,1.916666667,36.0,14.0,40.0,7.0,Graduate Degree,2.0
9582265452549187308,2018-04-05,2018-10-31,-1,Ended,661,5,Work,Anticipated,1,1,40.0,Male,31.0,16.0,4.25,4.333333333,3.75,3.583333333,1.916666667,36.0,14.0,40.0,7.0,Graduate Degree,2.077
10972225365693535066,2018-05-27,2019-04-10,1,Ended,500,5,Personal,Anticipated,2,2,29.0,Male,38.0,19.0,4.583333333,3.166666667,2.25,4.25,2.833333333,16.0,32.0,67.0,5.0,College Degree,1.917
11463877981887362471,2018-07-07,2018-07-14,1,Ended,770,5,Personal,Anticipated,2,2,46.0,Female,37.0,16.0,4.166666667,3.75,3.416666667,2.833333333,3.0,34.0,24.0,41.0,8.0,Graduate Degree,1.667
11325750135091548264,2018-02-23,2019-04-10,-1,Ended,500,0,Personal,Unanticipated,3,2,31.0,Female,36.0,20.0,4.0,3.0,2.083333333,2.666666667,4.75,22.0,31.0,64.0,17.0,Graduate Degree,3.538
10706790697634317068,2018-03-28,2018-05-31,-1,Ended,814,5,Health,Anticipated,2,3,34.0,Male,33.0,20.0,4.416666667,3.25,2.833333333,3.333333333,2.25,32.0,16.0,36.0,11.0,Graduate Degree,2.462
13675524557236069348,2018-04-10,2018-06-30,-1,Ended,784,0,Personal,Anticipated,2,2,24.0,Female,33.0,18.0,3.416666667,2.5,2.666666667,3.916666667,4.583333333,35.0,24.0,57.0,14.0,Graduate Degree,1.75
12025147930734708743,2018-04-20,2019-04-10,1,Ended,500,4,Personal,Anticipated,2,2,34.0,Male,28.0,17.0,3.583333333,3.666666667,2.916666667,4.083333333,2.25,31.0,20.0,39.0,6.0,College Degree,2.0
9974921974991829251,2018-05-01,2019-04-10,-1,Ended,500,1,Personal,Unanticipated,3,2,37.0,Male,29.0,15.0,4.333333333,4.75,3.416666667,4.666666667,2.083333333,43.0,11.0,25.0,4.0,College Degree,1.0
12664269359473725910,2018-08-15,2019-04-10,-1,Ended,500,1,Personal,Unanticipated,2,2,44.0,Female,34.0,18.0,2.166666667,4.5,3.0,3.583333333,2.25,33.0,13.0,29.0,4.0,Graduate Degree,2.833
13002522877007316041,2018-06-13,2018-12-20,-1,Ended,611,4,Personal,Anticipated,1,2,22.0,Female,33.0,21.0,3.416666667,4.333333333,3.416666667,4.416666667,3.583333333,29.0,14.0,36.0,5.0,College Degree,3.25
13002522877007316041,2018-05-10,2018-09-02,-1,Ended,720,0,Personal,Anticipated,2,2,22.0,Female,33.0,21.0,3.416666667,4.333333333,3.416666667,4.416666667,3.583333333,29.0,14.0,36.0,5.0,College Degree,2.538
9777858391923748976,2018-05-07,2019-04-10,-1,Ended,500,1,Personal,Unanticipated,2,2,36.0,Female,36.0,13.0,2.333333333,4.75,4.5,3.916666667,2.583333333,33.0,13.0,36.0,5.0,Graduate Degree,2.833
9777858391923748976,2018-06-15,2018-06-15,-1,Ended,799,5,Health,Unanticipated,2,3,36.0,Female,36.0,13.0,2.333333333,4.75,4.5,3.916666667,2.583333333,33.0,13.0,36.0,5.0,Graduate Degree,2.818
9777858391923748976,2018-06-15,2018-06-15,-1,Ended,799,5,Local,Anticipated,1,1,36.0,Female,36.0,13.0,2.333333333,4.75,4.5,3.916666667,2.583333333,33.0,13.0,36.0,5.0,Graduate Degree,2.727
9777858391923748976,2018-06-17,2018-06-23,-1,Ended,791,0,Personal,Unanticipated,3,2,36.0,Female,36.0,13.0,2.333333333,4.75,4.5,3.916666667,2.583333333,33.0,13.0,36.0,5.0,Graduate Degree,3.273
9700311708285105703,2018-08-27,2018-08-27,-1,Ended,726,5,Health,Anticipated,2,3,28.0,Female,26.0,15.0,3.75,2.833333333,3.583333333,2.833333333,4.166666667,30.0,24.0,54.0,5.0,Graduate Degree,2.8
11507962536600314722,2018-09-16,2018-09-23,0,Ended,699,5,Work,Unanticipated,2,3,37.0,Male,37.0,17.0,4.083333333,3.833333333,2.583333333,4.166666667,1.333333333,33.0,12.0,28.0,10.0,College Degree,1.6
9253998317006874717,2018-07-31,2019-04-10,-1,Ended,500,1,Health,Unanticipated,3,3,31.0,Female,36.0,15.0,3.416666667,4.416666667,3.5,4.166666667,1.833333333,27.0,13.0,32.0,5.0,College Degree,3.692
13327145282388648229,2018-04-01,2019-04-10,1,Ended,500,5,Financial,Anticipated,3,3,27.0,Male,37.0,21.0,4.416666667,3.75,2.916666667,3.666666667,2.583333333,29.0,17.0,37.0,8.0,College Degree,1.538
11829349186823137112,2018-05-01,2019-04-10,1,Ended,500,5,Work,Unanticipated,2,3,23.0,Female,34.0,20.0,4.083333333,2.416666667,3.583333333,3.416666667,2.833333333,21.0,14.0,50.0,8.0,College Degree,1.7
10444991998136247269,2018-07-05,2019-01-01,1,Ended,599,0,Work,Unanticipated,2,3,37.0,Female,39.0,17.0,5.0,3.083333333,3.75,4.25,4.166666667,32.0,25.0,55.0,8.0,College Degree,2.25
10444991998136247269,2018-08-01,2018-08-07,0,Ended,746,0,Work,Unanticipated,3,3,37.0,Female,39.0,17.0,5.0,3.083333333,3.75,4.25,4.166666667,32.0,25.0,55.0,8.0,College Degree,2.444
11293937460610680260,2018-05-05,2019-04-10,1,Ended,500,1,Work,Unanticipated,3,3,30.0,Female,28.0,13.0,2.916666667,4.25,3.333333333,4.416666667,2.0,37.0,11.0,29.0,4.0,High School,1.556
9883624450358368517,2018-04-01,2019-04-10,-1,Ended,500,4,Personal,Unanticipated,2,2,22.0,Female,33.0,11.0,3.916666667,4.25,3.333333333,3.916666667,3.916666667,28.0,19.0,48.0,7.0,College Degree,2.667
9883624450358368517,2018-01-26,2019-04-10,-1,Ended,500,0,Financial,Unanticipated,3,2,22.0,Female,33.0,11.0,3.916666667,4.25,3.333333333,3.916666667,3.916666667,28.0,19.0,48.0,7.0,College Degree,2.444
12206210069307053438,2018-02-20,2019-04-10,0,Ended,500,5,Personal,Unanticipated,2,2,29.0,Male,33.0,18.0,3.916666667,3.0,2.916666667,3.666666667,3.416666667,28.0,18.0,48.0,10.0,College Degree,2.091
